route_id,route_short_name,transport_type
RUT:Line:1,1,Metro
RUT:Line:100,100,Bus
RUT:Line:110,110,Bus
RUT:Line:1131,1131,Bus
RUT:Line:12,12,Tram
RUT:Line:120,120,Bus
RUT:Line:1210,210A,Bus
RUT:Line:1215,215A,Bus
RUT:Line:13,13,Tram
RUT:Line:130,130,Bus
RUT:Line:1331,1331,Bus
RUT:Line:1332,1332,Bus
RUT:Line:1333,1333,Bus
RUT:Line:1371,1371,Bus
RUT:Line:140,140,Bus
RUT:Line:1431,1431,Bus
RUT:Line:1432,1432,Bus
RUT:Line:1433,1433,Bus
RUT:Line:145,145,Bus
RUT:Line:15,15,Tram
RUT:Line:150,150,Bus
RUT:Line:1532,1532,Bus
RUT:Line:1571,1571,Bus
RUT:Line:1572,1572,Bus
RUT:Line:160,160,Bus
RUT:Line:1631,1631,Bus
RUT:Line:1632,1632,Bus
RUT:Line:1671,1671,Bus
RUT:Line:17,17,Tram
RUT:Line:18,18,Tram
RUT:Line:19,19,Tram
RUT:Line:2,2,Metro
RUT:Line:20,20,Bus
RUT:Line:201,201,Bus
RUT:Line:2015,2015,Bus
RUT:Line:2018,2018,Bus
RUT:Line:202,202,Bus
RUT:Line:203,203,Bus
RUT:Line:2031,31E,Bus
RUT:Line:2032,2032,Bus
RUT:Line:2033,2033,Bus
RUT:Line:2034,2034,Bus
RUT:Line:204,204,Bus
RUT:Line:2041,2041,Bus
RUT:Line:2042,2042,Bus
RUT:Line:2043,2043,Bus
RUT:Line:2044,2044,Bus
RUT:Line:2045,2045,Bus
RUT:Line:2046,46X,Bus
RUT:Line:2047,2047,Bus
RUT:Line:205,205,Bus
RUT:Line:2056,56B,Bus
RUT:Line:2072,2072,Bus
RUT:Line:2073,2073,Bus
RUT:Line:2074,2074,Bus
RUT:Line:2075,75B,Bus
RUT:Line:2077,77B,Bus
RUT:Line:2078,78B,Bus
RUT:Line:2079,2079,Bus
RUT:Line:21,21,Bus
RUT:Line:211,211,Bus
RUT:Line:212,212,Bus
RUT:Line:213,213,Bus
RUT:Line:2131,2131,Bus
RUT:Line:2132,2132,Bus
RUT:Line:2135,2135,Bus
RUT:Line:2137,2137,Bus
RUT:Line:2138,2138,Bus
RUT:Line:2139,2139,Bus
RUT:Line:214,214,Bus
RUT:Line:2140,2140,Bus
RUT:Line:2141,2141,Bus
RUT:Line:2142,2142,Bus
RUT:Line:2143,2143,Bus
RUT:Line:2145,2145,Bus
RUT:Line:2146,2146,Bus
RUT:Line:2148,2148,Bus
RUT:Line:2150,2150,Bus
RUT:Line:216,216,Bus
RUT:Line:2160,160E,Bus
RUT:Line:2171,2171,Bus
RUT:Line:2172,2172,Bus
RUT:Line:2175,2175,Bus
RUT:Line:2177,2177,Bus
RUT:Line:220,220,Bus
RUT:Line:2210,210B,Bus
RUT:Line:2215,215B,Bus
RUT:Line:2250,250E,Bus
RUT:Line:2255,255E,Bus
RUT:Line:2265,265E,Bus
RUT:Line:23,23,Bus
RUT:Line:230,230,Bus
RUT:Line:2300,300E,Bus
RUT:Line:235,235,Bus
RUT:Line:2370,370B,Bus
RUT:Line:2390,390E,Bus
RUT:Line:24,24,Bus
RUT:Line:240,240,Bus
RUT:Line:2400,400E,Bus
RUT:Line:245,245,Bus
RUT:Line:2470,470E,Bus
RUT:Line:25,25,Bus
RUT:Line:250,250,Bus
RUT:Line:2505,505E,Bus
RUT:Line:251,251,Bus
RUT:Line:2535,535X,Bus
RUT:Line:2540,540N,Bus
RUT:Line:2545,545A,Bus
RUT:Line:256,256,Bus
RUT:Line:2560,560N,Bus
RUT:Line:2565,565E,Bus
RUT:Line:26,26,Bus
RUT:Line:260,260,Bus
RUT:Line:261,261,Bus
RUT:Line:2630,2630,Bus
RUT:Line:2631,2631,Bus
RUT:Line:2632,2632,Bus
RUT:Line:2633,2633,Bus
RUT:Line:2634,2634,Bus
RUT:Line:2635,2635,Bus
RUT:Line:2636,2636,Bus
RUT:Line:2639,2639,Bus
RUT:Line:2640,2640,Bus
RUT:Line:2641,2641,Bus
RUT:Line:2642,2642,Bus
RUT:Line:265,265,Bus
RUT:Line:2671,2671,Bus
RUT:Line:2673,2673,Bus
RUT:Line:270,270,Bus
RUT:Line:2731,2731,Bus
RUT:Line:2732,2732,Bus
RUT:Line:2733,2733,Bus
RUT:Line:2734,2734,Bus
RUT:Line:275,275,Bus
RUT:Line:28,28,Bus
RUT:Line:280,280,Bus
RUT:Line:281,281,Bus
RUT:Line:2840,140E,Bus
RUT:Line:285,285,Bus
RUT:Line:2850,150E,Bus
RUT:Line:286,286,Bus
RUT:Line:2871,2871,Bus
RUT:Line:2873,2873,Bus
RUT:Line:290,290,Bus
RUT:Line:291,291,Bus
RUT:Line:292,292,Bus
RUT:Line:293,293,Bus
RUT:Line:2931,2931,Bus
RUT:Line:2932,2932,Bus
RUT:Line:2933,2933,Bus
RUT:Line:294,294,Bus
RUT:Line:295,295,Bus
RUT:Line:296,296,Bus
RUT:Line:297,297,Bus
RUT:Line:298,298,Bus
RUT:Line:3,3,Metro
RUT:Line:30,30,Bus
RUT:Line:300,300,Bus
RUT:Line:3002,2B,Bus
RUT:Line:3003,3B,Bus
RUT:Line:3013,13B,Bus
RUT:Line:3073,3073,Bus
RUT:Line:3075,75C,Bus
RUT:Line:3077,77X,Bus
RUT:Line:31,31,Bus
RUT:Line:310,310,Bus
RUT:Line:3110,110E,Bus
RUT:Line:3115,115E,Bus
RUT:Line:3125,125E,Bus
RUT:Line:3130,130N,Bus
RUT:Line:3131,3131,Bus
RUT:Line:3140,140N,Bus
RUT:Line:315,315,Bus
RUT:Line:3172,3172,Bus
RUT:Line:3175,3175,Bus
RUT:Line:320,320,Bus
RUT:Line:321,321,Bus
RUT:Line:3240,240N,Bus
RUT:Line:3250,250N,Bus
RUT:Line:330,330,Bus
RUT:Line:3331,3331,Bus
RUT:Line:3333,3333,Bus
RUT:Line:3334,3334,Bus
RUT:Line:3335,3335,Bus
RUT:Line:335,335,Bus
RUT:Line:3371,3371,Bus
RUT:Line:3374,3374,Bus
RUT:Line:34,34,Bus
RUT:Line:340,340,Bus
RUT:Line:3431,3431,Bus
RUT:Line:345,345,Bus
RUT:Line:350,350,Bus
RUT:Line:3500,500N,Bus
RUT:Line:3531,3531,Bus
RUT:Line:3532,3532,Bus
RUT:Line:3533,3533,Bus
RUT:Line:3534,3534,Bus
RUT:Line:3535,3535,Bus
RUT:Line:3538,3538,Bus
RUT:Line:3545,545B,Bus
RUT:Line:3571,3571,Bus
RUT:Line:3574,3574,Bus
RUT:Line:3575,3575,Bus
RUT:Line:360,360,Bus
RUT:Line:3633,3633,Bus
RUT:Line:3634,3634,Bus
RUT:Line:3636,3636,Bus
RUT:Line:3637,3637,Bus
RUT:Line:3638,3638,Bus
RUT:Line:3639,3639,Bus
RUT:Line:3640,3640,Bus
RUT:Line:3641,3641,Bus
RUT:Line:3643,3643,Bus
RUT:Line:3644,3644,Bus
RUT:Line:365,365,Bus
RUT:Line:3652,3652,Bus
RUT:Line:3657,3657,Bus
RUT:Line:3658,3658,Bus
RUT:Line:3659,3659,Bus
RUT:Line:366,366,Bus
RUT:Line:3674,3674,Bus
RUT:Line:3676,3676,Bus
RUT:Line:3682,3682,Bus
RUT:Line:3686,3686,Bus
RUT:Line:37,37,Bus
RUT:Line:370,370A,Bus
RUT:Line:3701,B1,Ferry
RUT:Line:3702,B2,Ferry
RUT:Line:3731,3731,Bus
RUT:Line:3734,3734,Bus
RUT:Line:3735,3735,Bus
RUT:Line:3737,3737,Bus
RUT:Line:3740,3740,Bus
RUT:Line:3742,3742,Bus
RUT:Line:3743,3743,Bus
RUT:Line:375,375,Bus
RUT:Line:3771,3771,Bus
RUT:Line:3772,3772,Bus
RUT:Line:3773,3773,Bus
RUT:Line:3780,3780,Bus
RUT:Line:380,380,Bus
RUT:Line:381,381,Bus
RUT:Line:3810,B10,Ferry
RUT:Line:3811,B11,Ferry
RUT:Line:3820,B20,Ferry
RUT:Line:3821,B21,Ferry
RUT:Line:3833,3833,Bus
RUT:Line:3834,3834,Bus
RUT:Line:3837,3837,Bus
RUT:Line:3838,3838,Bus
RUT:Line:3839,3839,Bus
RUT:Line:385,385,Bus
RUT:Line:386,386,Bus
RUT:Line:3871,3871,Bus
RUT:Line:3872,3872,Bus
RUT:Line:3874,3874,Bus
RUT:Line:390,390,Bus
RUT:Line:3901,1N,Bus
RUT:Line:3902,2N,Bus
RUT:Line:3903,3N,Bus
RUT:Line:3904,4N,Bus
RUT:Line:3905,5N,Bus
RUT:Line:3911,11N,Bus
RUT:Line:3912,12N,Bus
RUT:Line:3919,19N,Bus
RUT:Line:395,395,Bus
RUT:Line:396,396,Bus
RUT:Line:3963,63N,Bus
RUT:Line:3969,70E,Bus
RUT:Line:397,397,Bus
RUT:Line:3970,70N,Bus
RUT:Line:3981,81N,Bus
RUT:Line:3983,83N,Bus
RUT:Line:4,4,Metro
RUT:Line:40,40,Bus
RUT:Line:400,400,Bus
RUT:Line:4013,13E,Bus
RUT:Line:405,405,Bus
RUT:Line:4073,73X,Bus
RUT:Line:41,41,Bus
RUT:Line:410,410,Bus
RUT:Line:413,413,Bus
RUT:Line:42,42,Bus
RUT:Line:420,420,Bus
RUT:Line:425,425,Bus
RUT:Line:426,426,Bus
RUT:Line:430,430,Bus
RUT:Line:432,432,Bus
RUT:Line:433,433,Bus
RUT:Line:434,434,Bus
RUT:Line:436,436,Bus
RUT:Line:437,437,Bus
RUT:Line:440,440,Bus
RUT:Line:441,441,Bus
RUT:Line:442,442,Bus
RUT:Line:443,443,Bus
RUT:Line:444,444,Bus
RUT:Line:445,445,Bus
RUT:Line:446,446,Bus
RUT:Line:447,447,Bus
RUT:Line:448,448,Bus
RUT:Line:449,449,Bus
RUT:Line:45,45,Bus
RUT:Line:450,450,Bus
RUT:Line:451,451,Bus
RUT:Line:452,452,Bus
RUT:Line:453,453,Bus
RUT:Line:455,455,Bus
RUT:Line:46,46,Bus
RUT:Line:460,460,Bus
RUT:Line:461,461,Bus
RUT:Line:463,463,Bus
RUT:Line:465,465,Bus
RUT:Line:470,470,Bus
RUT:Line:48,48,Bus
RUT:Line:480,480,Bus
RUT:Line:485,485,Bus
RUT:Line:490,490,Bus
RUT:Line:5,5,Metro
RUT:Line:500,500,Bus
RUT:Line:505,505,Bus
RUT:Line:506,506,Bus
RUT:Line:507,507,Bus
RUT:Line:51,51,Bus
RUT:Line:510,510,Bus
RUT:Line:511,511,Bus
RUT:Line:515,515,Bus
RUT:Line:516,516,Bus
RUT:Line:517,517,Bus
RUT:Line:520,520,Bus
RUT:Line:521,521,Bus
RUT:Line:522,522,Bus
RUT:Line:523,523,Bus
RUT:Line:524,524,Bus
RUT:Line:525,525,Bus
RUT:Line:526,526,Bus
RUT:Line:5260,260E,Bus
RUT:Line:527,527,Bus
RUT:Line:530,530,Bus
RUT:Line:531,531,Bus
RUT:Line:532,532,Bus
RUT:Line:533,533,Bus
RUT:Line:535,535,Bus
RUT:Line:536,536,Bus
RUT:Line:54,54,Bus
RUT:Line:540,540,Bus
RUT:Line:550,550,Bus
RUT:Line:551,551,Bus
RUT:Line:56,56,Bus
RUT:Line:560,560,Bus
RUT:Line:561,561,Bus
RUT:Line:565,565,Bus
RUT:Line:570,570,Bus
RUT:Line:575,575,Bus
RUT:Line:576,576,Bus
RUT:Line:58,58,Bus
RUT:Line:580,580,Bus
RUT:Line:585,585,Bus
RUT:Line:60,60,Bus
RUT:Line:62,62,Bus
RUT:Line:63,63,Bus
RUT:Line:64,64,Bus
RUT:Line:65,65,Bus
RUT:Line:66,66,Bus
RUT:Line:67,67,Bus
RUT:Line:68,68,Bus
RUT:Line:69,69,Bus
RUT:Line:70,70,Bus
RUT:Line:71,71,Bus
RUT:Line:72,72,Bus
RUT:Line:73,73,Bus
RUT:Line:74,74,Bus
RUT:Line:75,75A,Bus
RUT:Line:76,76,Bus
RUT:Line:77,77,Bus
RUT:Line:78,78A,Bus
RUT:Line:79,79,Bus
RUT:Line:80,80E,Bus
RUT:Line:81,81,Bus
RUT:Line:83,83,Bus
RUT:Line:84,84E,Bus
RUT:Line:85,85,Bus
RUT:Line:87,87,Bus
RUT:Line:9074,74X,Bus
RUT:Line:92,92,Bus
RUT:Line:9842,42N,Bus
RUT:Line:9931,31X,Bus
